Revenue,Exchange_Rate_NGN_USD,Inflation_Rate_Percent,Revenue_Y-1,Exchange_Rate_Y-1,Inflation_Rate_Y-1,Revenue_Growth(%),Year,Month,Quarter
512098.1135783017,358.5502494538964,13.66067163308849,524835.7076505616,414.0495933867516,12.471229116217131,-2.4269678847272074,2001,1,1
404335.9877671101,371.99094799015154,10.287832348182263,493086.78494144074,368.8650240089703,13.541730387773931,-17.99902164988476,2001,2,1
413754.1083743484,437.364680256163,12.143132474438785,532384.4269050346,389.5938874821362,9.042827508440316,-22.28283032626106,2001,3,1
471885.6235379514,430.5185132716732,11.044685106469768,576151.4928204012,375.3499532670584,14.287508086413858,-18.096953766802397,2001,4,2
449358.4439832788,398.9549203017926,12.957959651492784,488292.3312638332,370.53176215278944,12.676992814988829,-7.973479161506165,2001,5,2
515712.3666297637,405.8663691654391,12.667324210573897,488293.152152541,442.4801048510512,11.169424172198395,5.615318248136529,2001,6,2
454598.79622393945,463.88324478942127,14.075079888515798,578960.6407753696,417.8507742982523,13.26556373221257,-21.48018980787352,2001,7,3
429384.8149332354,370.4214305582085,10.979967202290506,538371.7364576454,365.3545202369673,16.54138571560879,-20.24380444662964,2001,8,3
573282.4384460778,427.3548690585019,11.460250129413255,476526.2807032524,444.9799937716625,12.363732510116993,20.3044746241558,2001,9,3
488711.1849756732,389.8903673783053,10.042472568435386,527128.0021792982,415.3649760438304,12.496441172600672,-7.287948476422967,2001,10,4
503376.4102343962,389.115939838639,11.111413479847776,476829.1153593769,440.643105941948,11.081278200919511,5.567465160975145,2001,11,4
428762.5906893272,454.93884259935953,12.754600986089704,476713.5123214872,431.4814420961806,10.300311261070416,-10.058645369343488,2001,12,4
472780.8637737409,441.2708174494015,13.513977233290705,512098.1135783017,358.5502494538964,13.66067163308849,-7.677679093529612,2002,1,1
505546.1294854933,440.67548180003195,10.155669351644748,404335.9877671101,371.99094799015154,10.287832348182263,25.0311980086913,2002,2,1
442450.32112888485,465.27394035771647,13.73921184021132,413754.1083743484,437.364680256163,12.143132474438785,6.935571677411183,2002,3,1
518784.9009172836,401.05019208163793,14.7112757176099,471885.6235379514,430.5185132716732,11.044685106469768,9.938695955114293,2002,4,2
469968.0655040598,434.09764856474817,12.826869806447402,449358.4439832788,398.9549203017926,12.957959651492784,4.586454710428868,2002,5,2
485415.31251033617,384.4866621703272,15.753591625116131,515712.3666297637,405.8663691654391,12.667324210573897,-5.874796898399403,2002,6,2
469914.66938853014,416.2083176244221,10.452421601792851,454598.79622393945,463.88324478942127,14.075079888515798,3.3690967270062773,2002,7,3
592613.9092254469,393.49284728161575,9.510690593377166,429384.8149332354,370.4214305582085,10.979967202290506,38.014640624306146,2002,8,3
499325.1387631033,404.8497982496359,8.442559502191443,573282.4384460778,427.3548690585019,11.460250129413255,-12.900674209285201,2002,9,3
447114.453552205,429.75785127184565,14.992088622978368,488711.1849756732,389.8903673783053,10.042472568435386,-8.511516147423306,2002,10,4
541127.2456051594,359.0889658383264,13.308731312708115,503376.4102343962,389.115939838639,11.111413479847776,7.4995241340738765,2002,11,4
438957.8175014489,504.619363784273,11.88883065817909,428762.5906893272,454.93884259935953,12.754600986089704,2.3778256390630284,2002,12,4
510443.1797502378,349.6991309250149,12.55993725263964,472780.8637737409,441.2708174494015,13.513977233290705,7.966125294470672,2003,1,1
402016.4938060112,339.2905693606134,9.749021905403248,505546.1294854933,440.67548180003195,10.155669351644748,-20.478771301215723,2003,2,1
433590.6975550785,457.9055436750034,16.891503959233653,442450.32112888485,465.27394035771647,13.73921184021132,-2.0023996256125622,2003,3,1
509843.0617934562,439.5831346981468,12.258442363950454,518784.9009172836,401.05019208163793,14.7112757176099,-1.723612061187015,2003,4,2
536923.3289997706,431.2059908526078,12.218789589209786,469968.0655040598,434.09764856474817,12.826869806447402,14.246768750957273,2003,5,2
508568.4140594985,431.417275463214,13.451533247797384,485415.31251033617,384.4866621703272,15.753591625116131,4.76975096426719,2003,6,2
494217.585880588,399.3876613576543,12.962018463473427,469914.66938853014,416.2083176244221,10.452421601792851,5.171772254669486,2003,7,3
484944.8152205355,355.1372814257084,12.447768048558263,592613.9092254469,393.49284728161575,9.510690593377166,-18.168506059136565,2003,8,3
426073.9004816286,403.79022790968634,10.419051089109375,499325.1387631033,404.8497982496359,8.442559502191443,-14.670048149974587,2003,9,3
464007.7895802646,366.1419144243944,12.942936714271992,447114.453552205,429.75785127184565,14.992088622978368,3.778302377354735,2003,10,4
476968.06145201065,448.7559866708876,15.764048992950068,541127.2456051594,359.0889658383264,13.308731312708115,-11.856579884717794,2003,11,4
552856.1113109458,392.6471309248931,14.690840092309957,438957.8175014489,504.619363784273,11.88883065817909,25.94743487148875,2003,12,4
517180.9144784231,358.7251401603744,15.186373253278797,510443.1797502378,349.6991309250149,12.55993725263964,1.319977422654974,2004,1,1
411847.9922318633,383.93070791735033,10.97756864713763,402016.4938060112,339.2905693606134,9.749021905403248,2.4455460353813705,2004,2,1
516204.19846973976,420.6465727137812,10.020790359482838,433590.6975550785,457.9055436750034,16.891503959233653,19.05333794763136,2004,3,1
480745.8859791842,371.8137723598013,11.748426159800704,509843.0617934562,439.5831346981468,12.258442363950454,-5.707084786427799,2004,4,2
466153.89998470206,358.8889802216784,12.11144982457739,536923.3289997706,431.2059908526078,12.218789589209786,-13.18054649383632,2004,5,2
530583.8144420434,412.1843605745957,14.188383036941897,508568.4140594985,431.417275463214,13.451533247797384,4.328896520885639,2004,6,2
551549.9761247976,412.24832855543616,8.615070740570362,494217.585880588,399.3876613576543,12.962018463473427,11.60063742815946,2004,7,3
546564.00595581,374.6528412314435,15.059100638921228,484944.8152205355,355.1372814257084,12.447768048558263,12.706433557239347,2004,8,3
458039.1238388681,376.44808471908385,11.68398420284202,426073.9004816286,403.79022790968634,10.419051089109375,7.502272099066949,2004,9,3
484539.3812074393,411.6024968678818,11.14623786010516,464007.7895802646,366.1419144243944,12.942936714271992,4.42483770493321,2004,10,4
516563.1715701782,327.5957829251338,9.975791249479665,476968.06145201065,448.7559866708876,15.764048992950068,8.301417499031292,2004,11,4
548777.256356118,329.62681128117225,8.690286656268462,552856.1113109458,392.6471309248931,14.690840092309957,-0.7377787585916216,2004,12,4
476041.2881077355,364.0777889373782,13.64634116792383,517180.9144784231,358.7251401603744,15.186373253278797,-7.954590979478985,2005,1,1
490717.0511668091,389.3276424144077,12.146635934376809,411847.9922318633,383.93070791735033,10.97756864713763,19.150040894346247,2005,2,1
444683.2512996986,415.5453782799002,9.420078200517892,516204.19846973976,420.6465727137812,10.020790359482838,-13.855165723576299,2005,3,1
440189.6687959665,473.7678108474776,9.409842455872768,480745.8859791842,371.8137723598013,11.748426159800704,-8.436102807330887,2005,4,2
540626.2911197098,442.88298116010094,11.328430601419743,466153.89998470206,358.8889802216784,12.11144982457739,15.975923646128837,2005,5,2
567812.0014285411,392.0030735018286,15.338043050578786,530583.8144420434,412.1843605745957,14.188383036941897,7.016457338723478,2005,6,2
496399.4939209833,399.04918960486555,11.48081729727279,551549.9761247976,412.24832855543616,8.615070740570362,-9.99918132374927,2005,7,3
550176.6448946012,349.87353176810956,8.993714093763788,546564.00595581,374.6528412314435,15.059100638921228,0.6609727130628721,2005,8,3
518081.8012523817,399.0743432003805,11.50851387182811,458039.1238388681,376.44808471908385,11.68398420284202,13.108635111841622,2005,9,3
467744.0122697438,385.567068053993,11.45455286050466,484539.3812074393,411.6024968678818,11.14623786010516,-3.466254671775614,2005,10,4
518069.7802754207,416.1359280169045,6.606226714116857,516563.1715701782,327.5957829251338,9.975791249479665,0.2916601082231492,2005,11,4
576901.8283232985,358.63845282238384,11.891410266964376,548777.256356118,329.62681128117225,8.690286656268462,5.124952180767782,2005,12,4
498208.6980445024,425.9673257120586,11.538130939582643,476041.2881077355,364.0777889373782,13.64634116792383,4.656614980789244,2006,1,1
578232.1827907003,476.6369456501289,13.392412729626836,490717.0511668091,389.3276424144077,12.146635934376809,17.834133013271284,2006,2,1
369012.7447955128,394.5619925771571,15.69791218989069,444683.2512996986,415.5453782799002,9.420078200517892,-17.016720616982923,2006,3,1
541095.1252187612,420.0855861049471,14.253130059095517,440189.6687959665,473.7678108474776,9.409842455872768,22.92317688845297,2006,4,2
504352.35341190855,434.5071995855556,11.46222261889034,540626.2911197098,442.88298116010094,11.328430601419743,-6.709614072351731,2006,5,2
485049.63247670664,379.93897640570816,9.78694818251666,567812.0014285411,392.0030735018286,15.338043050578786,-14.575663907000056,2006,6,2
504588.0388267751,411.2046240905208,17.146719606499722,496399.4939209833,399.04918960486555,11.48081729727279,1.649587682113001,2006,7,3
400621.5542699554,400.6296200390898,12.118436868028976,550176.6448946012,349.87353176810956,8.993714093763788,-27.183104192526468,2006,8,3
489016.4056081244,404.8838049274416,12.027858583825893,518081.8012523817,399.0743432003805,11.50851387182811,-5.610194292483593,2006,9,3
517855.6285755873,361.3495108072267,11.951749825779991,467744.0122697438,385.567068053993,11.45455286050466,10.713470400759423,2006,10,4
573894.7022370758,401.22550871294715,12.39616952153571,518069.7802754207,416.1359280169045,6.606226714116857,10.775560375665409,2006,11,4
474086.48908631766,424.8999145622725,11.711279176152114,576901.8283232985,358.63845282238384,11.891410266964376,-17.821981867487274,2006,12,4
459575.31985534064,472.5571803897521,10.852675986239529,498208.6980445024,425.9673257120586,11.538130939582643,-7.754456785038075,2007,1,1
474912.1478207732,447.96354130426033,10.906282117519217,578232.1827907003,476.6369456501289,13.392412729626836,-17.868260889817225,2007,2,1
545770.1058851037,507.65912287557785,11.934493459568005,369012.7447955128,394.5619925771571,15.69791218989069,47.90006946441386,2007,3,1
516437.55548298423,361.6326218555975,10.91315045773247,541095.1252187612,420.0855861049471,14.253130059095517,-4.556975028338693,2007,4,2
473511.989811648,443.6160318360339,10.57430843464567,504352.35341190855,434.5071995855556,11.46222261889034,-6.114844788891668,2007,5,2
525663.3716556678,409.1671002869176,12.212860455383794,485049.63247670664,379.93897640570816,9.78694818251666,8.373109978783773,2007,6,2
504853.877467402,509.4901466608836,11.49004556515829,504588.0388267751,411.2046240905208,17.146719606499722,0.05268429296204337,2007,7,3
548432.2495266445,359.5850857322424,15.007985977165378,400621.5542699554,400.6296200390898,12.118436868028976,36.89534266972768,2007,8,3
464897.3453061324,358.0139078909612,6.698060383213976,489016.4056081244,404.8838049274416,12.027858583825893,-4.932157699698917,2007,9,3
483616.8926701116,370.0303677277989,14.183013703844924,517855.6285755873,361.3495108072267,11.951749825779991,-6.611637301240247,2007,10,4
480394.59234339214,300.0,14.49217038499526,573894.7022370758,401.22550871294715,12.39616952153571,-16.29220648478103,2007,11,4
426824.2525933941,373.71224891596194,7.853219535183701,474086.48908631766,424.8999145622725,11.711279176152114,-9.969116939824554,2007,12,4
514806.0138532288,362.0433669223151,11.314624811839302,459575.31985534064,472.5571803897521,10.852675986239529,12.017767624091087,2008,1,1
513052.7636089945,407.5196893238104,11.257118268008416,474912.1478207732,447.96354130426033,10.906282117519217,8.031088689400121,2008,2,1
500255.67283212306,417.087798788858,9.184976610564355,545770.1058851037,507.65912287557785,11.934493459568005,-8.339488103542703,2008,3,1
488270.64333124267,493.8085419607943,10.44436662481825,516437.55548298423,361.6326218555975,10.91315045773247,-5.454078978706191,2008,4,2
429231.4628974793,447.5211919093025,9.778848309068342,473511.989811648,443.6160318360339,10.57430843464567,-9.351511232436255,2008,5,2
478967.73386173206,371.15481721687985,15.504540886847243,525663.3716556678,409.1671002869176,12.212860455383794,-8.883182719552957,2008,6,2
482864.27417366154,355.07926643258213,13.871356786294925,504853.877467402,509.4901466608836,11.49004556515829,-4.355637200223411,2008,7,3
459886.13653891906,424.5959585753253,14.543110189988315,548432.2495266445,359.5850857322424,15.007985977165378,-16.145314770265635,2008,8,3
491935.71441669954,333.9883396489679,13.443344128086473,464897.3453061324,358.0139078909612,6.698060383213976,5.815986988001088,2008,9,3
520202.5428407269,491.5729382927177,9.741896457565542,483616.8926701116,370.0303677277989,14.183013703844924,7.565006666458893,2008,10,4
594309.2950605265,458.97200603606433,10.950959467440452,480394.59234339214,300.0,14.49217038499526,23.71273626571272,2008,11,4
508728.890641592,376.5412173947648,12.978749122455836,426824.2525933941,373.71224891596194,7.853219535183701,19.189312123325564,2008,12,4
512877.5195361382,314.3432735454561,9.555744382216108,514806.0138532288,362.0433669223151,11.314624811839302,-0.3746060195871018,2009,1,1
496277.7042116916,467.69361870827066,13.425996860344776,513052.7636089945,407.5196893238104,11.257118268008416,-3.269655791209692,2009,2,1
404061.4392350479,394.2730077373691,11.51934920368373,500255.67283212306,417.087798788858,9.184976610564355,-19.229014046454648,2009,3,1
498674.30622753914,461.8908155986731,11.250358384900805,488270.64333124267,493.8085419607943,10.44436662481825,2.1307164455591963,2009,4,2
503011.51049705135,320.27861706028165,13.421919936406985,429231.4628974793,447.5211919093025,9.778848309068342,17.188872199984605,2009,5,2
623162.1056242643,370.03124885231136,12.88852662297208,478967.73386173206,371.15481721687985,15.504540886847243,30.105237068883262,2009,6,2
490381.95176094386,400.26218498590913,11.27806766836184,482864.27417366154,355.07926643258213,13.871356786294925,1.5568924829130342,2009,7,3
515077.3671166806,402.3490296882371,14.318659606728495,459886.13653891906,424.5959585753253,14.543110189988315,12.001064218445045,2009,8,3
498264.4115147378,377.4967264260378,9.837873344800204,491935.71441669954,333.9883396489679,13.443344128086473,1.2864886432452602,2009,9,3
441566.0981190234,431.14249661737495,13.231871213888528,520202.5428407269,491.5729382927177,9.741896457565542,-15.11650525433515,2009,10,4
557141.140725751,346.61897853087027,13.186202515936769,594309.2950605265,458.97200603606433,10.950959467440452,-6.254008585039895,2009,11,4
537596.6516343387,392.8810257489353,11.38090712137202,508728.890641592,376.5412173947648,12.978749122455836,5.674488224236611,2009,12,4
539551.5973521523,406.01478158559496,12.652266044484236,512877.5195361382,314.3432735454561,9.555744382216108,5.200867029644613,2010,1,1
454530.6272602631,425.72194170293744,9.497772847229394,496277.7042116916,467.69361870827066,13.425996860344776,-8.412039589354787,2010,2,1
570139.715546805,435.5807439044445,13.8480540384138,404061.4392350479,394.2730077373691,11.51934920368373,41.102233518291044,2010,3,1
429907.44686038594,343.76789540810654,11.63019572711402,498674.30622753914,461.8908155986731,11.250358384900805,-13.789934333567949,2010,4,2
529342.8546900136,323.2942914632189,10.95455395896192,503011.51049705135,320.27861706028165,13.421919936406985,5.234739890334294,2010,5,2
609522.7812904989,463.88384109492546,14.09801845167378,623162.1056242643,370.03124885231136,12.88852662297208,-2.1887281352100154,2010,6,2
450473.1837434656,416.6157005989796,10.59131261891448,490381.95176094386,400.26218498590913,11.27806766836184,-8.138302780958261,2010,7,3
471685.1135198614,362.5756731721723,9.18307740727288,515077.3671166806,402.3490296882371,14.318659606728495,-8.424414732047335,2010,8,3
504982.56825438206,477.55759877612616,8.886741652952193,498264.4115147378,377.4967264260378,9.837873344800204,1.3483115760206223,2010,9,3
474826.21729419,405.78373171464295,13.21201990269128,441566.0981190234,431.14249661737495,13.231871213888528,7.5323081452239204,2010,10,4
422466.82844669337,458.96485920319134,9.439141295007436,557141.140725751,346.61897853087027,13.186202515936769,-24.172386929392133,2010,11,4
503428.1487403014,403.37592407050545,15.50958836396873,537596.6516343387,392.8810257489353,11.38090712137202,-6.355787892309632,2010,12,4
446884.8143136948,503.03739624409934,7.836141184232556,539551.5973521523,406.01478158559496,12.652266044484236,-17.174776887552458,2011,1,1
523679.6215317591,487.7670421221602,15.392912736580076,454530.6272602631,425.72194170293744,9.497772847229394,15.213274997176699,2011,2,1
454028.7882883098,387.5517925760463,12.422034934405238,570139.715546805,435.5807439044445,13.8480540384138,-20.365346263790165,2011,3,1
577496.720250877,448.5785475477178,11.806573776259215,429907.44686038594,343.76789540810654,11.63019572711402,34.33047612185727,2011,4,2
460837.33538318815,432.2687974792574,10.9101618263821,529342.8546900136,323.2942914632189,10.95455395896192,-12.941615948881122,2011,5,2
483896.9241897162,468.43157787661744,12.798272228704144,609522.7812904989,463.88384109492546,14.09801845167378,-20.610526949428216,2011,6,2
540675.8608684835,351.7538269709948,11.924730595150304,450473.1837434656,416.6157005989796,10.59131261891448,20.02398375313421,2011,7,3
438456.7841783022,434.3025729999219,14.206603764033042,471685.1135198614,362.5756731721723,9.18307740727288,-7.044599964921311,2011,8,3
511372.9967302065,452.9212243424794,12.22845529732408,504982.56825438206,477.55759877612616,8.886741652952193,1.2654750634095702,2011,9,3
565357.1377141214,312.06302567884427,12.300603522923756,474826.21729419,405.78373171464295,13.21201990269128,19.066116638593428,2011,10,4
419625.8382719386,340.83707436671125,11.272775575572288,422466.82844669337,458.96485920319134,9.439141295007436,-0.6724765078480547,2011,11,4
509231.6929266152,300.0,11.886108752557863,503428.1487403014,403.37592407050545,15.50958836396873,1.1528048641768798,2011,12,4
512994.1397124212,386.5296582777721,12.615603537784118,446884.8143136948,503.03739624409934,7.836141184232556,14.793370300634207,2012,1,1
539091.1435888655,435.8771127897981,8.579663214686748,523679.6215317591,487.7670421221602,15.392912736580076,2.9429294980064027,2012,2,1
438152.4644560959,475.1178526048014,9.303629155788574,454028.7882883098,387.5517925760463,12.422034934405238,-3.4967658971731144,2012,3,1
433977.1693457862,403.7047390209888,13.48652818804543,577496.720250877,448.5785475477178,11.806573776259215,-24.85201142661776,2012,4,2
526097.0782808448,481.4307772785646,12.341730876255884,460837.33538318815,432.2687974792574,10.9101618263821,14.161123217890525,2012,5,2
514849.2336616593,330.99492708925544,11.63203332729464,483896.9241897162,468.43157787661744,12.798272228704144,6.39646749641416,2012,6,2
512524.6425172938,314.83087803224225,12.036867866130786,540675.8608684835,351.7538269709948,11.924730595150304,-5.206671943143653,2012,7,3
517322.4104748488,397.22261505516906,12.695163410723342,438456.7841783022,434.3025729999219,14.206603764033042,17.987092261406364,2012,8,3
465998.76392107544,419.20327244696534,10.920480639381276,511372.9967302065,452.9212243424794,12.22845529732408,-8.873020886761815,2012,9,3
511612.6848580502,398.36526259529535,10.443390549195374,565357.1377141214,312.06302567884427,12.300603522923756,-9.50628359860694,2012,10,4
514653.6236649341,300.0,12.391690510195364,419625.8382719386,340.83707436671125,11.272775575572288,22.645837488065425,2012,11,4
464282.4290986816,395.5439980243606,10.043254444769936,509231.6929266152,300.0,11.886108752557863,-8.826878698300337,2012,12,4
593288.7255572379,334.7765249747573,12.816505511428945,512994.1397124212,386.5296582777721,12.615603537784118,15.652144854876681,2013,1,1
523691.64604558935,433.48362744150194,8.594832791524318,539091.1435888655,435.8771127897981,8.579663214686748,-2.8565665985083406,2013,2,1
440434.8251398675,418.3299123048424,14.058311274651288,438152.4644560959,475.1178526048014,9.303629155788574,0.5209055908437794,2013,3,1
532827.6804316915,353.0060106836322,12.945194964826086,433977.1693457862,403.7047390209888,13.48652818804543,22.777813688890788,2013,4,2
451265.9164886339,374.30665413316535,12.51205946862775,526097.0782808448,481.4307772785646,12.341730876255884,-14.223831471701132,2013,5,2
539354.2301871226,347.0393239055524,13.965381967891028,514849.2336616593,330.99492708925544,11.63203332729464,4.759645139448166,2013,6,2
557929.7789503701,396.8660451363414,15.330948888925152,512524.6425172938,314.83087803224225,12.036867866130786,8.859112843836435,2013,7,3
458965.8840824145,447.7571160250619,14.028740130036262,517322.4104748488,397.22261505516906,12.695163410723342,-11.28049456408993,2013,8,3
548168.8064622161,350.7136976832228,8.31825153733671,465998.76392107544,419.20327244696534,10.920480639381276,17.633103111633464,2013,9,3
520639.0463468249,425.20232577589223,9.440846066528596,511612.6848580502,398.36526259529535,10.443390549195374,1.7642958737974068,2013,10,4
541103.0079997245,373.4871190813779,10.750362844608642,514653.6236649341,300.0,12.391690510195364,5.139259322889819,2013,11,4
594839.6491326974,360.3563583868828,12.052182100421668,464282.4290986816,395.5439980243606,10.043254444769936,28.120215595379833,2013,12,4
487730.59419985645,394.6484820022721,13.035318040938249,593288.7255572379,334.7765249747573,12.816505511428945,-17.792033930568536,2014,1,1
462313.1917821255,348.2378838790313,10.548512373693068,523691.64604558935,433.48362744150194,8.594832791524318,-11.720342443293552,2014,2,1
455524.27851872385,372.3175347326409,12.373533528954155,440434.8251398675,418.3299123048424,14.058311274651288,3.4260354807466564,2014,3,1
459209.48575172806,340.1061053705576,10.489234135293357,532827.6804316915,353.0060106836322,12.945194964826086,-13.81651092531805,2014,4,2
496144.9145292948,498.2362566458195,10.776964394016105,451265.9164886339,374.30665413316535,12.51205946862775,9.945133545620058,2014,5,2
517057.5987408322,401.7631775985864,9.186677806303557,539354.2301871226,347.0393239055524,13.965381967891028,-4.133949489661898,2014,6,2
513834.53996650095,365.0137246003707,10.153533507778192,557929.7789503701,396.8660451363414,15.330948888925152,-7.9033671704753425,2014,7,3
541359.1624518012,410.6989955367111,9.296630788767333,458965.8840824145,447.7571160250619,14.028740130036262,17.9519396161898,2014,8,3
500650.09459389537,394.3835975154585,10.048253494045335,548168.8064622161,350.7136976832228,8.31825153733671,-8.668627493599649,2014,9,3
572676.7038578659,388.9515200233389,14.10728359321568,520639.0463468249,425.20232577589223,9.440846066528596,9.994958671689016,2014,10,4
486767.1583381022,430.7083350021713,10.101202222336116,541103.0079997245,373.4871190813779,10.750362844608642,-10.0416831653706,2014,11,4
636008.458329481,437.8753855023653,17.26476412967478,594839.6491326974,360.3563583868828,12.052182100421668,6.920992784662141,2014,12,4
531283.3673882503,373.4749426194736,12.986635801761778,487730.59419985645,394.6484820022721,13.035318040938249,8.929678331916845,2015,1,1
457142.12217918586,371.209087967766,12.369672247389747,462313.1917821255,348.2378838790313,10.548512373693068,-1.1185208847288575,2015,2,1
446455.3750969444,386.2474151424178,10.283284439637573,455524.27851872385,372.3175347326409,12.373533528954155,-1.990871584555221,2015,3,1
524123.6207621593,300.0,13.400619758817983,459209.48575172806,340.1061053705576,10.489234135293357,14.136061432652353,2015,4,2
488826.86073370744,324.2404468900724,10.848724347524453,496144.9145292948,498.2362566458195,10.776964394016105,-1.4749831311946853,2015,5,2
535700.0247046046,468.34371337222626,12.244019629290722,517057.5987408322,401.7631775985864,9.186677806303557,3.6054834140667404,2015,6,2
523661.8812286772,482.2483856750642,17.12016907653759,513834.53996650095,365.0137246003707,10.153533507778192,1.9125497602432313,2015,7,3
496358.5543671563,387.5481980221811,11.8078802005507,541359.1624518012,410.6989955367111,9.296630788767333,-8.31252358985454,2015,8,3
457660.31409657974,428.8278481527883,14.298546652571352,500650.09459389537,394.3835975154585,10.048253494045335,-8.586791645807436,2015,9,3
424257.6387657068,415.5625077271768,10.593647149748223,572676.7038578659,388.9515200233389,14.10728359321568,-25.916728250394417,2015,10,4
477674.2523966489,553.9440404227619,11.930023019006075,486767.1583381022,430.7083350021713,10.101202222336116,-1.868019603561151,2015,11,4
542819.9397161736,455.9787455717288,15.54160127127102,636008.458329481,437.8753855023653,17.26476412967478,-14.652087938904664,2015,12,4
510704.6872065102,393.6041204259617,10.746065884424466,531283.3673882503,373.4749426194736,12.986635801761778,-3.873390631990486,2016,1,1
437713.0610644006,352.22297796997873,15.624897115993855,457142.12217918586,371.209087967766,12.369672247389747,-4.250113951907862,2016,2,1
508659.0462925591,319.6776839871214,13.415503870910952,446455.3750969444,386.2474151424178,10.283284439637573,13.932785820331468,2016,3,1
519265.8689864418,410.1731817933611,10.875066448211465,524123.6207621593,300.0,13.400619758817983,-0.9268332094351203,2016,4,2
455807.1281899434,362.1824627357848,13.264815478111045,488826.86073370744,324.2404468900724,10.848724347524453,-6.754893234427197,2016,5,2
507686.2552972764,328.8873145201163,13.94510889925346,535700.0247046046,468.34371337222626,12.244019629290722,-5.229376164911613,2016,6,2
502910.4359223,367.67135578787367,13.243619924434393,523661.8812286772,482.2483856750642,17.12016907653759,-3.9627565133608176,2016,7,3
442851.48510846886,345.92259981928026,8.859550560219088,496358.5543671563,387.5481980221811,11.8078802005507,-10.779922857763074,2016,8,3
517889.3680174142,484.3570817536282,10.545725648350263,457660.31409657974,428.8278481527883,14.298546652571352,13.160209016533678,2016,9,3
528039.2263184118,444.08198784747253,11.50496272889699,424257.6387657068,415.5625077271768,10.593647149748223,24.461925507019,2016,10,4
554152.5621587639,399.6013679341691,11.851133141799908,477674.2523966489,553.9440404227619,11.930023019006075,16.010557273790265,2016,11,4
552690.1026017452,473.9972069445013,13.241344195101355,542819.9397161736,455.9787455717288,15.54160127127102,1.818312512751917,2016,12,4
431116.53160214546,403.868415382381,12.355402001866508,510704.6872065102,393.6041204259617,10.746065884424466,-15.583987693495013,2017,1,1
453108.7480042439,356.9357899335868,9.329311282579798,437713.0610644006,352.22297796997873,15.624897115993855,3.5173012435144417,2017,2,1
525751.763360433,476.15620386348286,12.760395702011929,508659.0462925591,319.6776839871214,13.415503870910952,3.3603485856502227,2017,3,1
525689.2975456105,426.9455021842329,13.221171490567649,519265.8689864418,410.1731817933611,10.875066448211465,1.2370211374967852,2017,4,2
525752.3843153024,348.1376922836772,13.11958089586208,455807.1281899434,362.1824627357848,13.264815478111045,15.345362500827648,2017,5,2
692636.5745327361,390.4830660958196,14.161561451109243,507686.2552972764,328.8873145201163,13.94510889925346,36.4300426307901,2017,6,2
528544.5255346583,356.21908733076214,13.667844309097807,502910.4359223,367.67135578787367,13.243619924434393,5.097148076743998,2017,7,3
556778.28200903,330.8600134517832,12.918360158456874,442851.48510846886,345.92259981928026,8.859550560219088,25.725734412442296,2017,8,3
547700.0881746601,446.3088773765821,11.859668577082706,517889.3680174142,484.3570817536282,10.545725648350263,5.756194662069899,2017,9,3
532569.5625652899,495.47083202350655,8.678078132968018,528039.2263184118,444.08198784747253,11.50496272889699,0.8579544891890879,2017,10,4
484236.5377679827,330.07162130904294,12.859236438265173,554152.5621587639,399.6013679341691,11.851133141799908,-12.61674657217417,2017,11,4
537948.4610246634,428.1484618345285,12.415375374326224,552690.1026017452,473.9972069445013,13.241344195101355,-2.6672526806046712,2017,12,4
461358.7392731214,367.46787154390864,12.543157674390748,431116.53160214546,403.868415382381,12.355402001866508,7.014856878391494,2018,1,1
488159.06966299954,375.6437308117652,9.446502848359382,453108.7480042439,356.9357899335868,9.329311282579798,7.7355208464055885,2018,2,1
475731.8226085448,370.38030378805655,9.837886919183475,525751.763360433,476.15620386348286,12.760395702011929,-9.513984400580453,2018,3,1
504093.7069693161,356.8004615160092,14.106305706665808,525689.2975456105,426.9455021842329,13.221171490567649,-4.108052166388386,2018,4,2
615732.9283336755,402.4260813972414,11.92088969228669,525752.3843153024,348.1376922836772,13.11958089586208,17.114624051692424,2018,5,2
406636.7403704126,358.4524941794481,13.363001394745249,692636.5745327361,390.4830660958196,14.161561451109243,-41.2914715563878,2018,6,2
534313.0095187257,413.5228412889919,12.056636752260925,528544.5255346583,356.21908733076214,13.667844309097807,1.0913903569868835,2018,7,3
419364.20644051745,397.4880945275431,12.059512278991493,556778.28200903,330.8600134517832,12.918360158456874,-24.68021472976274,2018,8,3
476403.4067105283,388.0525976566795,13.876567611951996,547700.0881746601,446.3088773765821,11.859668577082706,-13.017467589195544,2018,9,3
554447.5298483683,354.6218168979201,10.967910543565251,532569.5625652899,495.47083202350655,8.678078132968018,4.108001812513693,2018,10,4
503214.0009547731,371.16143347158334,12.192241553881969,484236.5377679827,330.07162130904294,12.859236438265173,3.919048173081743,2018,11,4
446112.7611035347,437.7695612912878,11.075449422589916,537948.4610246634,428.1484618345285,12.415375374326224,-17.071468100532083,2018,12,4
464234.8145370016,425.04585938121903,11.131007545135368,461358.7392731214,367.46787154390864,12.543157674390748,0.6233923884072292,2019,1,1
533979.8874467338,351.12223776007244,11.381655753062722,488159.06966299954,375.6437308117652,9.446502848359382,9.386452210212262,2019,2,1
463481.66841414315,404.9666152714613,12.444267543267426,475731.8226085448,370.38030378805655,9.837886919183475,-2.5750125621681725,2019,3,1
510822.9294790987,437.5693561685895,11.042502756673043,504093.7069693161,356.8004615160092,14.106305706665808,1.3349150002763654,2019,4,2
502278.5919951907,316.5297359439314,14.511512251147042,615732.9283336755,402.4260813972414,11.92088969228669,-18.425900437957747,2019,5,2
467419.9826197091,427.16800961899673,10.210785395560992,406636.7403704126,358.4524941794481,13.363001394745249,14.947798911118554,2019,6,2
607197.2044662663,366.86881205270765,11.626256711677282,534313.0095187257,413.5228412889919,12.056636752260925,13.640729993302983,2019,7,3
531695.9511159005,428.52993342965794,11.12053788345165,419364.20644051745,397.4880945275431,12.059512278991493,26.78620229151965,2019,8,3
398742.8706671196,361.83704217287413,14.893955768707466,476403.4067105283,388.0525976566795,13.876567611951996,-16.301423320970642,2019,9,3
509322.71573847136,309.75589496677406,12.39310955302315,554447.5298483683,354.6218168979201,10.967910543565251,-8.138698737144297,2019,10,4
466910.67676158063,318.6228781058419,14.06368907893727,503214.0009547731,371.16143347158334,12.192241553881969,-7.21429136000039,2019,11,4
542621.6667398112,402.4042473330691,9.028879253926055,446112.7611035347,437.7695612912878,11.075449422589916,21.633298585215428,2019,12,4
460373.96307836496,412.9861250860741,12.534100531738517,464234.8145370016,425.04585938121903,11.131007545135368,-0.8316591814612622,2020,1,1
494263.17792665504,354.78416874477955,13.779261591246874,533979.8874467338,351.12223776007244,11.381655753062722,-7.437866191924804,2020,2,1
525249.3639490228,431.9296229388687,12.16456797855085,463481.66841414315,404.9666152714613,12.444267543267426,13.326890736849442,2020,3,1
543287.759708506,316.923996886552,14.130960750130702,510822.9294790987,437.5693561685895,11.042502756673043,6.355397997210638,2020,4,2
439985.1796472112,396.6960100676342,10.965423099799256,502278.5919951907,316.5297359439314,14.511512251147042,-12.402163528517645,2020,5,2
483274.9382079526,339.44919001187714,14.81869488037116,467419.9826197091,427.16800961899673,10.210785395560992,3.392014928284103,2020,6,2
476252.7344419522,367.40819460989206,16.5977962472385,607197.2044662663,366.86881205270765,11.626256711677282,-21.565394086327505,2020,7,3
467333.5383713144,402.3699335658207,11.274322879120682,531695.9511159005,428.52993342965794,11.12053788345165,-12.105116205888923,2020,8,3
588272.7120140549,356.97933173580236,11.108994957198457,398742.8706671196,361.83704217287413,14.893955768707466,47.531844526734986,2020,9,3
520249.0855480478,380.7722227885087,14.9067689542354,509322.71573847136,309.75589496677406,12.39310955302315,2.145274395180704,2020,10,4
436955.80228324776,450.3146404607221,15.159144291461423,466910.67676158063,318.6228781058419,14.06368907893727,-6.415547120510329,2020,11,4
545893.0973527388,371.15540652384254,10.954279945693465,542621.6667398112,402.4042473330691,9.028879253926055,0.6028934731971021,2020,12,4
606107.8098506316,441.7846056032571,11.159626365808286,460373.96307836496,412.9861250860741,12.534100531738517,31.655536250962964,2021,1,1
551623.2630275573,343.5146572671191,11.436430782278986,494263.17792665504,354.78416874477955,13.779261591246874,11.605170618114313,2021,2,1
424031.50170229934,426.4902088957641,9.311098977931444,525249.3639490228,431.9296229388687,12.16456797855085,-19.27043975564852,2021,3,1
475788.29635668744,472.078431032895,10.162696107031604,543287.759708506,316.923996886552,14.130960750130702,-12.424256233572164,2021,4,2
563345.5574593311,300.0,9.991718466495865,439985.1796472112,396.6960100676342,10.965423099799256,28.037393875637513,2021,5,2
464616.52671906096,360.1552372264762,10.464404869791744,483274.9382079526,339.44919001187714,14.81869488037116,-3.8608274532255895,2021,6,2
522190.97140731144,428.853606359027,11.930630225226436,476252.7344419522,367.40819460989206,16.5977962472385,9.645768652475507,2021,7,3
538731.7026714669,389.8477306978503,12.468429465073042,467333.5383713144,402.3699335658207,11.274322879120682,15.277774531008273,2021,8,3
453653.47642109584,418.5572936685654,15.101000985628154,588272.7120140549,356.97933173580236,11.108994957198457,-22.88381440166865,2021,9,3
497023.73219691,369.80074066420894,10.003291918522418,520249.0855480478,380.7722227885087,14.9067689542354,-4.464275670311157,2021,10,4
337936.63299654634,404.329489373645,13.968644796953168,436955.80228324776,450.3146404607221,15.159144291461423,-22.661140730776758,2021,11,4
448780.61793328554,392.216138230396,11.572022311548984,545893.0973527388,371.15540652384254,10.954279945693465,-17.789651470295528,2021,12,4
487371.592430342,458.38910308299035,11.901072580695134,606107.8098506316,441.7846056032571,11.159626365808286,-19.589950086528475,2022,1,1
437610.84090175753,412.7210421650607,13.349638984333208,551623.2630275573,343.5146572671191,11.436430782278986,-20.66853045682812,2022,2,1
581620.5651965818,416.8801331037601,9.754555956875404,424031.50170229934,426.4902088957641,9.311098977931444,37.16447076729722,2022,3,1
428492.9311019684,379.4061516938766,12.7648194923681,475788.29635668744,472.078431032895,10.162696107031604,-9.940422161890003,2022,4,2
477997.7756651509,375.6196887963753,12.332904416426112,563345.5574593311,300.0,9.991718466495865,-15.1501650566121,2022,5,2
506537.0288643046,378.372090609019,12.9849025280163,464616.52671906096,360.1552372264762,10.464404869791744,9.022602454817894,2022,6,2
572063.6644533058,419.7226071189148,12.578337287815636,522190.97140731144,428.853606359027,11.930630225226436,9.550661688306631,2022,7,3
428206.892441028,378.95077595898687,16.91060027982179,538731.7026714669,389.8477306978503,12.468429465073042,-20.515742749566737,2022,8,3
558158.187607748,414.48874284482065,10.724520031497368,453653.47642109584,418.5572936685654,15.101000985628154,23.03624167307107,2022,9,3
500511.65305097937,503.770039932272,10.938006089996364,497023.73219691,369.80074066420894,10.003291918522418,0.7017614307172584,2022,10,4
450924.56744760246,443.5562351715846,10.753718947150473,337936.63299654634,404.329489373645,13.968644796953168,33.43465117977039,2022,11,4
523105.17371316353,383.698823391608,10.88904576167949,448780.61793328554,392.216138230396,11.572022311548984,16.56144512705468,2022,12,4
509952.9847786735,460.0606961081973,10.725225745386965,487371.592430342,458.38910308299035,11.901072580695134,4.633300893826507,2023,1,1
469989.1561420603,379.5962313489224,14.378033062215104,437610.84090175753,412.7210421650607,13.349638984333208,7.398883257458333,2023,2,1
503490.10424950096,300.0,14.84100849597971,581620.5651965818,416.8801331037601,9.754555956875404,-13.433235621693246,2023,3,1
480734.320156912,349.5956844541298,10.858507412501048,428492.9311019684,379.4061516938766,12.7648194923681,12.191890522112663,2023,4,2
505675.8672625624,306.4604039487072,10.335288853791544,477997.7756651509,375.6196887963753,12.332904416426112,5.790422676945816,2023,5,2
533106.5337260524,382.42432579793456,12.942831112772808,506537.0288643046,378.372090609019,12.9849025280163,5.245323312555981,2023,6,2
579300.8408072676,400.9209189594776,10.895553911438055,572063.6644533058,419.7226071189148,12.578337287815636,1.2650998138254488,2023,7,3
438109.2250586575,483.82186561376415,13.26586363551102,428206.892441028,378.95077595898687,16.91060027982179,2.3125112632308427,2023,8,3
606651.6687328133,416.34636868820814,12.4058460417026,558158.187607748,414.48874284482065,10.724520031497368,8.688125015760711,2023,9,3
402395.6100238749,389.0449735595568,8.968511770005536,500511.65305097937,503.770039932272,10.938006089996364,-19.603148583857426,2023,10,4
492410.74524822086,441.47027905917446,15.095010402660122,450924.56744760246,443.5562351715846,10.753718947150473,9.200247845320405,2023,11,4
529415.8603242289,300.0,15.591755346191045,523105.17371316353,383.698823391608,10.88904576167949,1.2063896379135635,2023,12,4
